<?xml version="1.0" encoding="UTF-8"?>

<beans xmlns="http://www.springframework.org/schema/beans"
       xmlns:xsi="http://www.w3.org/2001/XMLSchema-instance"
       xmlns:context="http://www.springframework.org/schema/context"
       xmlns:p="http://www.springframework.org/schema/p"
       xmlns:tx="http://www.springframework.org/schema/tx"
        xmlns:mvc="http://www.springframework.org/schema/mvc"
       xsi:schemaLocation="http://www.springframework.org/schema/beans
	   http://www.springframework.org/schema/beans/spring-beans.xsd
	   http://www.springframework.org/schema/context
	   http://www.springframework.org/schema/context/spring-context.xsd
	   http://www.springframework.org/schema/tx
	   http://www.springframework.org/schema/tx/spring-tx.xsd
	    http://www.springframework.org/schema/mvc
        http://www.springframework.org/schema/mvc/spring-mvc.xsd
    ">
    
    <context:component-scan base-package="com"></context:component-scan>
    
    <bean
     	class="org.springframework.web.servlet.view.InternalResourceViewResolver"
     	name="viewResolver">

        <property name="prefix" value="/WEB-INF/views/" />
        <property name="suffix" value=".jsp"></property>
        
    </bean>
    
    <!-- data source bean -->

    <bean
        class="org.springframework.jdbc.datasource.DriverManagerDataSource"
        name="ds">

        <property name="driverClassName" value="com.mysql.jdbc.Driver" />
        <property name="url"  value="jdbc:mysql://localhost:3306/db_servlet" />
        <property name="username" value="root" />
        <property name="password" value="" />

    </bean>
    

    <!-- LocalSessionFactoryBean -->
    
    <bean
         class="org.springframework.orm.hibernate5.LocalSessionFactoryBean"
         name="factory">

        <!-- data source -->
        <property name="dataSource" ref="ds"></property>

        <!-- hibernate properties -->
        <property name="hibernateProperties">
            <props>
                <prop key="hibernate.dialect">org.hibernate.dialect.MySQL5Dialect</prop>
                <prop key="hibernate.show_sql">true</prop>
                <prop key="hibernate.hbm2ddl.auto">update</prop>
            </props>
        </property>

        <!-- annotated classes -->
        <property name="annotatedClasses">
            <list>
                <value>com.model.EmpModel</value>
            </list>
        </property>

    </bean>
    
    
    <bean class="org.springframework.orm.hibernate5.HibernateTemplate"
          name="hibernateTemplate">
        <property name="sessionFactory" ref="factory"></property>

    </bean>
    
    <tx:annotation-driven/>
        
    <bean
         class="org.springframework.orm.hibernate5.HibernateTransactionManager"
         name="transactionManager">
        <property name="sessionFactory" ref="factory"></property>
    </bean>
    
    <mvc:annotation-driven></mvc:annotation-driven>
	<mvc:resources location="/WEB-INF/resources/theme1/"
		mapping="/resources/**" />
	<mvc:annotation-driven></mvc:annotation-driven>
	
   <!--  <mvc:resources mapping="/resources/**" location="/resources/static/" cache-period="31556926" ></mvc:resources>
    <resources mapping="/resources/**" location="/resources/theme1/" ></resources> -->
    <mvc:annotation-driven/>
</beans>    